-- phpMyAdmin SQL Dump
-- version 4.1.14
-- http://www.phpmyadmin.net
--
-- Host: 127.0.0.1
-- Generation Time: 2018-01-09 15:41:02
-- 服务器版本： 5.6.17
-- PHP Version: 5.5.12

SET SQL_MODE = "NO_AUTO_VALUE_ON_ZERO";
SET time_zone = "+00:00";


/*!40101 SET @OLD_CHARACTER_SET_CLIENT=@@CHARACTER_SET_CLIENT */;
/*!40101 SET @OLD_CHARACTER_SET_RESULTS=@@CHARACTER_SET_RESULTS */;
/*!40101 SET @OLD_COLLATION_CONNECTION=@@COLLATION_CONNECTION */;
/*!40101 SET NAMES utf8 */;

--
-- Database: `rent`
--

-- --------------------------------------------------------

--
-- 表的结构 `community`
--

CREATE TABLE IF NOT EXISTS `community` (
  `id` int(11) NOT NULL AUTO_INCREMENT,
  `name` varchar(16) NOT NULL,
  PRIMARY KEY (`id`)
) ENGINE=InnoDB  DEFAULT CHARSET=utf8 AUTO_INCREMENT=6 ;

--
-- 转存表中的数据 `community`
--

INSERT INTO `community` (`id`, `name`) VALUES
(1, '儒苑'),
(2, '惠民'),
(3, '金跃'),
(4, '幸福'),
(5, '金泰');

-- --------------------------------------------------------

--
-- 表的结构 `register`
--

CREATE TABLE IF NOT EXISTS `register` (
  `id` int(11) NOT NULL AUTO_INCREMENT,
  `userid` int(11) NOT NULL,
  `target_communityid` int(11) NOT NULL,
  `updatetime` datetime NOT NULL,
  PRIMARY KEY (`id`)
) ENGINE=InnoDB  DEFAULT CHARSET=utf8 AUTO_INCREMENT=107 ;

--
-- 转存表中的数据 `register`
--

INSERT INTO `register` (`id`, `userid`, `target_communityid`, `updatetime`) VALUES
(7, 121, 1, '2018-01-09 07:25:36'),
(8, 103, 5, '2018-01-09 07:25:36'),
(9, 98, 4, '2018-01-09 07:25:36'),
(10, 109, 5, '2018-01-09 07:25:36'),
(11, 121, 3, '2018-01-09 07:25:36'),
(12, 95, 1, '2018-01-09 07:25:36'),
(13, 112, 5, '2018-01-09 07:25:36'),
(14, 95, 2, '2018-01-09 07:25:36'),
(15, 101, 1, '2018-01-09 07:25:36'),
(16, 103, 4, '2018-01-09 07:25:36'),
(17, 103, 2, '2018-01-09 07:25:36'),
(18, 95, 2, '2018-01-09 07:25:36'),
(19, 116, 2, '2018-01-09 07:25:36'),
(20, 121, 3, '2018-01-09 07:25:36'),
(21, 94, 1, '2018-01-09 07:25:36'),
(22, 99, 1, '2018-01-09 07:25:36'),
(23, 96, 1, '2018-01-09 07:25:36'),
(24, 110, 2, '2018-01-09 07:25:36'),
(25, 107, 4, '2018-01-09 07:25:36'),
(26, 102, 1, '2018-01-09 07:25:36'),
(27, 95, 1, '2018-01-09 07:25:36'),
(28, 94, 5, '2018-01-09 07:25:36'),
(29, 105, 5, '2018-01-09 07:25:36'),
(30, 94, 2, '2018-01-09 07:25:36'),
(31, 105, 2, '2018-01-09 07:25:36'),
(32, 94, 4, '2018-01-09 07:25:36'),
(33, 110, 3, '2018-01-09 07:25:36'),
(34, 100, 2, '2018-01-09 07:25:36'),
(35, 118, 1, '2018-01-09 07:25:36'),
(36, 104, 5, '2018-01-09 07:25:36'),
(37, 115, 2, '2018-01-09 07:25:36'),
(38, 111, 4, '2018-01-09 07:25:36'),
(39, 98, 3, '2018-01-09 07:25:36'),
(40, 115, 1, '2018-01-09 07:25:36'),
(41, 112, 5, '2018-01-09 07:25:36'),
(42, 120, 4, '2018-01-09 07:25:36'),
(43, 96, 1, '2018-01-09 07:25:36'),
(44, 120, 5, '2018-01-09 07:25:36'),
(45, 94, 2, '2018-01-09 07:25:36'),
(46, 120, 4, '2018-01-09 07:25:36'),
(47, 105, 4, '2018-01-09 07:25:36'),
(48, 112, 1, '2018-01-09 07:25:36'),
(49, 113, 5, '2018-01-09 07:25:36'),
(50, 102, 3, '2018-01-09 07:25:36'),
(51, 117, 2, '2018-01-09 07:25:36'),
(52, 112, 4, '2018-01-09 07:25:36'),
(53, 102, 4, '2018-01-09 07:25:36'),
(54, 120, 5, '2018-01-09 07:25:36'),
(55, 96, 1, '2018-01-09 07:25:36'),
(56, 115, 1, '2018-01-09 07:25:36'),
(57, 113, 3, '2018-01-09 07:25:36'),
(58, 105, 3, '2018-01-09 07:25:36'),
(59, 93, 3, '2018-01-09 07:25:36'),
(60, 112, 2, '2018-01-09 07:25:36'),
(61, 109, 5, '2018-01-09 07:25:36'),
(62, 111, 2, '2018-01-09 07:25:36'),
(63, 101, 4, '2018-01-09 07:25:36'),
(64, 95, 5, '2018-01-09 07:25:36'),
(65, 112, 4, '2018-01-09 07:25:36'),
(66, 100, 1, '2018-01-09 07:25:36'),
(67, 112, 4, '2018-01-09 07:25:36'),
(68, 118, 5, '2018-01-09 07:25:36'),
(69, 115, 4, '2018-01-09 07:25:36'),
(70, 94, 2, '2018-01-09 07:25:36'),
(71, 120, 2, '2018-01-09 07:25:36'),
(72, 112, 4, '2018-01-09 07:25:36'),
(73, 110, 3, '2018-01-09 07:25:36'),
(74, 116, 5, '2018-01-09 07:25:36'),
(75, 116, 1, '2018-01-09 07:25:36'),
(76, 100, 1, '2018-01-09 07:25:36'),
(77, 120, 1, '2018-01-09 07:25:36'),
(78, 99, 3, '2018-01-09 07:25:36'),
(79, 93, 5, '2018-01-09 07:25:36'),
(80, 105, 1, '2018-01-09 07:25:36'),
(81, 108, 5, '2018-01-09 07:25:36'),
(82, 94, 5, '2018-01-09 07:25:36'),
(83, 103, 4, '2018-01-09 07:25:36'),
(84, 119, 2, '2018-01-09 07:25:36'),
(85, 95, 1, '2018-01-09 07:25:36'),
(86, 95, 1, '2018-01-09 07:25:36'),
(87, 110, 4, '2018-01-09 07:25:36'),
(88, 105, 3, '2018-01-09 07:25:36'),
(89, 104, 5, '2018-01-09 07:25:36'),
(90, 94, 3, '2018-01-09 07:25:36'),
(91, 105, 1, '2018-01-09 07:25:36'),
(92, 115, 2, '2018-01-09 07:25:36'),
(93, 98, 3, '2018-01-09 07:25:36'),
(94, 113, 5, '2018-01-09 07:25:36'),
(95, 111, 4, '2018-01-09 07:25:36'),
(96, 111, 4, '2018-01-09 07:25:36'),
(97, 99, 3, '2018-01-09 07:25:36'),
(98, 115, 2, '2018-01-09 07:25:36'),
(99, 121, 5, '2018-01-09 07:25:36'),
(100, 117, 1, '2018-01-09 07:25:36'),
(101, 100, 4, '2018-01-09 07:25:36'),
(102, 92, 2, '2018-01-09 07:25:36'),
(103, 97, 4, '2018-01-09 07:25:36'),
(104, 94, 4, '2018-01-09 07:25:36'),
(105, 94, 4, '2018-01-09 07:25:36'),
(106, 98, 3, '2018-01-09 07:25:36');

-- --------------------------------------------------------

--
-- 表的结构 `user`
--

CREATE TABLE IF NOT EXISTS `user` (
  `id` int(11) NOT NULL AUTO_INCREMENT,
  `name` varchar(16) NOT NULL,
  `mobile` varchar(16) NOT NULL,
  `password` varchar(64) NOT NULL,
  `firsttime` datetime NOT NULL,
  `updatetime` datetime NOT NULL,
  `ip` varchar(32) DEFAULT NULL,
  `communityid` int(11) NOT NULL,
  `identification` varchar(32) NOT NULL,
  `address` varchar(16) NOT NULL,
  `area` decimal(6,2) NOT NULL,
  PRIMARY KEY (`id`)
) ENGINE=InnoDB  DEFAULT CHARSET=utf8 AUTO_INCREMENT=122 ;

--
-- 转存表中的数据 `user`
--

INSERT INTO `user` (`id`, `name`, `mobile`, `password`, `firsttime`, `updatetime`, `ip`, `communityid`, `identification`, `address`, `area`) VALUES
(92, '夏又夏', '13903160000', '2226ce94cf0f3231556d320a9260f037', '2017-12-22 02:14:25', '2017-12-22 02:14:25', '192.168.1.6', 1, '421087198103072026', '6-2-1901', '133.65'),
(93, '连宇峰', '13903160001', '2226ce94cf0f3231556d320a9260f037', '2017-12-22 02:14:25', '2017-12-22 02:14:25', '192.168.1.6', 4, '341424198309212211', '2-2-803', '70.38'),
(94, '方鹏', '13903160002', '2226ce94cf0f3231556d320a9260f037', '2017-12-22 02:14:25', '2017-12-22 02:14:25', '192.168.1.6', 5, '14098119890729003X', '4-2-702', '106.26'),
(95, '雷从珊', '13903160003', '2226ce94cf0f3231556d320a9260f037', '2017-12-22 02:14:25', '2017-12-22 02:14:25', '192.168.1.6', 2, '320507198303022462', '6-1-1002', '90.47'),
(96, '周若晗', '13903160004', '2226ce94cf0f3231556d320a9260f037', '2017-12-22 02:14:25', '2017-12-22 02:14:25', '192.168.1.6', 1, '331124199208108008', '3-1-402', '104.27'),
(97, '孔淼', '13903160005', '2226ce94cf0f3231556d320a9260f037', '2017-12-22 02:14:25', '2017-12-22 02:14:25', '192.168.1.6', 3, '340100199203276520', '9-1-402', '91.02'),
(98, '常寄柔', '13903160006', '2226ce94cf0f3231556d320a9260f037', '2017-12-22 02:14:25', '2017-12-22 02:14:25', '192.168.1.6', 2, '500233197901264029', '6-1-1103', '98.13'),
(99, '常艺', '13903160007', '2226ce94cf0f3231556d320a9260f037', '2017-12-22 02:14:25', '2017-12-22 02:14:25', '192.168.1.6', 4, '451002197502126463', '6-3-502', '126.57'),
(100, '冯程程', '13903160008', '2226ce94cf0f3231556d320a9260f037', '2017-12-22 02:14:25', '2017-12-22 02:14:25', '192.168.1.6', 5, '230811198412024431', '8-2-201', '104.60'),
(101, '乔星', '13903160009', '2226ce94cf0f3231556d320a9260f037', '2017-12-22 02:14:25', '2017-12-22 02:14:25', '192.168.1.6', 5, '320100198702245456', '4-2-1601', '73.71'),
(102, '荀尘', '13903160010', '2226ce94cf0f3231556d320a9260f037', '2017-12-22 02:14:25', '2017-12-22 02:14:25', '192.168.1.6', 1, '320800198703274513', '1-2-1202', '89.25'),
(103, '伍易梦', '13903160011', '2226ce94cf0f3231556d320a9260f037', '2017-12-22 02:14:25', '2017-12-22 02:14:25', '192.168.1.6', 4, '41040119940120174X', '2-2-2002', '79.63'),
(104, '葛国新', '13903160012', '2226ce94cf0f3231556d320a9260f037', '2017-12-22 02:14:25', '2017-12-22 02:14:25', '192.168.1.6', 3, '621125198312167754', '4-2-1301', '102.96'),
(105, '曹儒岚', '13903160013', '2226ce94cf0f3231556d320a9260f037', '2017-12-22 02:14:25', '2017-12-22 02:14:25', '192.168.1.6', 4, '131121198711162756', '2-3-2301', '74.54'),
(106, '方笑天', '13903160014', '2226ce94cf0f3231556d320a9260f037', '2017-12-22 02:14:25', '2017-12-22 02:14:25', '192.168.1.6', 1, '330102197708182484', '8-2-303', '106.42'),
(107, '庾依波', '13903160015', '2226ce94cf0f3231556d320a9260f037', '2017-12-22 02:14:25', '2017-12-22 02:14:25', '192.168.1.6', 1, '420804198701191860', '5-3-101', '64.23'),
(108, '邵光', '13903160016', '2226ce94cf0f3231556d320a9260f037', '2017-12-22 02:14:25', '2017-12-22 02:14:25', '192.168.1.6', 4, '450921198109280597', '7-3-103', '106.64'),
(109, '蓝翠曼', '13903160017', '2226ce94cf0f3231556d320a9260f037', '2017-12-22 02:14:25', '2017-12-22 02:14:25', '192.168.1.6', 1, '340823198306188003', '10-3-1401', '110.57'),
(110, '尹月', '13903160018', '2226ce94cf0f3231556d320a9260f037', '2017-12-22 02:14:25', '2017-12-22 02:14:25', '192.168.1.6', 4, '653121197902027150', '3-3-1403', '137.45'),
(111, '蒲然', '13903160019', '2226ce94cf0f3231556d320a9260f037', '2017-12-22 02:14:25', '2017-12-22 02:14:25', '192.168.1.6', 5, '340303199108142065', '1-1-602', '77.94'),
(112, '鲍采枫', '13903160020', '2226ce94cf0f3231556d320a9260f037', '2017-12-22 02:14:25', '2017-12-22 02:14:25', '192.168.1.6', 1, '44170219870817594X', '1-3-1103', '83.97'),
(113, '乐家仪', '13903160021', '2226ce94cf0f3231556d320a9260f037', '2017-12-22 02:14:25', '2017-12-22 02:14:25', '192.168.1.6', 5, '522729198910208021', '2-2-1601', '81.84'),
(114, '卜筌', '13903160022', '2226ce94cf0f3231556d320a9260f037', '2017-12-22 02:14:25', '2017-12-22 02:14:25', '192.168.1.6', 3, '441223198008186706', '3-2-1302', '131.16'),
(115, '温桢国', '13903160023', '2226ce94cf0f3231556d320a9260f037', '2017-12-22 02:14:25', '2017-12-22 02:14:25', '192.168.1.6', 2, '371424198502252077', '10-1-601', '79.30'),
(116, '崔韩悦', '13903160024', '2226ce94cf0f3231556d320a9260f037', '2017-12-22 02:14:25', '2017-12-22 02:14:25', '192.168.1.6', 5, '15082519760429021X', '1-2-903', '120.26'),
(117, '费保柱', '13903160025', '2226ce94cf0f3231556d320a9260f037', '2017-12-22 02:14:26', '2017-12-22 02:14:26', '192.168.1.6', 1, '511681199207282352', '7-2-1901', '83.43'),
(118, '萧正光', '13903160026', '2226ce94cf0f3231556d320a9260f037', '2017-12-22 02:14:26', '2017-12-22 02:14:26', '192.168.1.6', 1, '63252519770804403X', '5-1-503', '75.35'),
(119, '李灵秋', '13903160027', '2226ce94cf0f3231556d320a9260f037', '2017-12-22 02:14:26', '2017-12-22 02:14:26', '192.168.1.6', 3, '140430199303177527', '10-3-1002', '65.88'),
(120, '严彦新', '13903160028', '2226ce94cf0f3231556d320a9260f037', '2017-12-22 02:14:26', '2017-12-22 02:14:26', '192.168.1.6', 4, '632722197811286274', '1-3-1601', '105.81'),
(121, '严尔阳', '13903160029', '2226ce94cf0f3231556d320a9260f037', '2017-12-22 02:14:26', '2017-12-22 02:14:26', '192.168.1.6', 4, '231221199207090806', '8-3-202', '93.40');

/*!40101 SET CHARACTER_SET_CLIENT=@OLD_CHARACTER_SET_CLIENT */;
/*!40101 SET CHARACTER_SET_RESULTS=@OLD_CHARACTER_SET_RESULTS */;
/*!40101 SET COLLATION_CONNECTION=@OLD_COLLATION_CONNECTION */;
